id	title	series_id	genre_1_id	genre_2_id	genre_3_id	price	developer_id	publisher_id	game_modes	tagline
1215594767	The Fold: Ingression	0	60	69	86	9999	14227	6170	Single-player	
1443160656	Falcon Gold	0	61	65	73	699	5433	8854	Single-player	
1584656762	B-17 Flying Fortress: Bombers in Action	0	61	70	74	899	15829	8854	Single-player	
1181317918	Brewpub Simulator	0	61	65	95	1799	10481	7751	Single-player	
1240322197	Stray Souls	0	60	69	86	2999	15421	1333	Single-player	
1135331377	fault - milestone two side:above	2935	87	211	71	1499	9637	5950	Single-player	
1441290254	Lovers in a Dangerous Spacetime	0	58	64	72	1499	5183	3223	Single-player,Co-op	
1106508737	Bzzzt Demo	0	60	69	80	0	16541	222	Single-player	
1207663103	Earthworm Jim	0	60	69	80	999	1	2	Single-player	
1172303491	Neon Chrome	0	58	64	72	1499	10054	6148	Single-player,Co-op	
1314298685	Driftland: The Magic Revival Demo	0	56	62	71	0	10481	6428	Single-player	
1460735677	BIT.TRIP CORE	1663	60	67	72	999	6483	4023	Single-player	
1442530156	Obscurite Magie: The City of Sin	0	57	63	191	1999	14968	7844	Single-player	
1207658870	Freedom Force vs. the 3rd Reich	1623	60	97	72	499	138	3863	Single-player	
1221558384	Unheard - Voices of Crime	0	87	104	94	699	11311	4573	Single-player	
1318552817	Tin Hearts	0	56	104	80	2999	12983	6488	Single-player	
1771322714	That Endless Night - 1931	0	60	69	80	9999	15212	8636	Single-player,Co-op	
1132213316	Realms Beyond: Ashes of the Fallen	0	87	97	71	9999	11440	7051	Single-player	
1701570803	Yokai Hunter Shintaro	0	60	69	80	599	16811	9419	Single-player	
2137392470	Mars Tactics	0	56	63	75	9999	15082	7790	Single-player	
1290366318	Heretic: Shadow of the Serpent Riders	0	60	65	71	499	1063	7289	Single-player,Multi-player	
1445250653	Sid Meier’s Pirates!	0	60	69	74	999	175	3863	Single-player	
2054968807	Sky Haven Tycoon - Airport Simulator	0	56	68	113	1949	15511	8737	Single-player	
1813215380	The Witch's House MV	0	87	97	86	1499	10207	6238	Single-player	
1207660773	7th Legion	0	56	62	72	599	1923	27	Single-player	
1916547709	Gordian Quest	0	57	69	103	1999	11383	7030	Single-player,Multi-player	
1604161214	Loria	0	56	62	71	0	10478	6425	Single-player	
1428013675	Garden In!	0	61	104	113	999	15001	7439	Single-player	
1425040088	Zak McKracken and the Alien Mindbenders	0	87	88	72	599	3423	2313	Single-player	
1634382231	Star General	0	56	63	72	599	15688	7219	Single-player	
1114985104	Curved Space Demo	0	60	67	72	0	12403	9487	Single-player	
1454499830	The Dwarves	2093	57	70	71	3999	312	87	Single-player	
1461626540	Professional Farmer: Cattle and Crops	0	61	93	99	2999	10984	6772	Single-player	
1105915912	King of Seas	0	57	64	181	2499	12328	3753	Single-player	
1441370961	Egypt: Old Kingdom Demo	3010	56	63	74	0	9886	6064	Single-player	
2085372274	Siege of Avalon: Anthology	0	57	64	143	999	12164	7219	Single-player	
1469028433	Heir of the Dog	0	87	88	96	9999	14830	8395	Single-player	
2020942703	Knights of the Chalice 2	0	57	63	71	4499	11773	7207	Single-player	
1350104287	Way of the Hunter	0	60	68	102	3999	13823	87	Single-player,Co-op	
1366627601	Unbound: Worlds Apart Prologue	0	87	64	80	0	11335	7012	Single-player	
1452598881	Starbound	0	60	69	113	1499	5733	2293	Single-player,Multi-player,Co-op	
1960412353	Fields of Glory	0	56	63	75	699	10996	6832	Single-player	
1111530020	FRONT MISSION 1st: Remake	0	57	81	72	3499	12400	5801	Single-player	
1429178878	Ys VI: The Ark of Napishtim	1083	57	64	71	1999	2653	1873	Single-player	
1544460195	Daymare: 1998	0	60	69	86	2999	10649	6539	Single-player	
1207665993	Neverending Nightmares	0	60	69	86	1499	3183	2183	Single-player	
1772252890	Samsara Room	0	87	88	96	0	10354	6337	Single-player	
1861477436	Jagged Alliance: Rage!	0	56	63	73	1699	10075	6016	Single-player	
1207659163	The Settlers® 2: 10th Anniversary	61	56	62	71	999	90	21	Single-player,Multi-player	
1963764578	Aftermath	0	60	69	123	9999	10876	7021	Single-player	
1499192955	ADOM (Ancient Domains Of Mystery)	0	57	69	103	1499	9829	4763	Single-player	
1403000599	The Saboteur™	0	60	66	90	1999	160	4	Single-player	
1170727025	WrestleQuest	0	87	97	220	2999	11458	6643	Single-player	
1204965015	Necrodome	0	58	64	72	999	1063	7219	Single-player	
1500048917	DRAMAtical Murder	0	61	211	86	1999	14869	7919	Single-player	
1813565692	Janosik - Highlander Precision Platformer	0	60	69	133	0	12451	7567	Single-player	
1986523815	Gord	0	56	69	102	3499	16034	3753	Single-player	
1264662960	Tennis Manager 2023	0	76	68	95	3999	12914	7769	Single-player	
2125225264	Paradise Killer	0	87	97	123	1999	11506	5986	Single-player	
1712015558	Underhero	0	87	97	80	1499	10456	6412	Single-player	
1461060839	The Witness	0	87	104	123	3999	6343	3973	Single-player	
1207659027	Populous™: The Beginning	82	56	97	71	599	174	4	Single-player,Multi-player	
2008297624	Hamster on Rails	0	59	81	96	1499	15625	8645	Single-player	
1426251500	Pilot Brothers 3: Back Side of the Earth	1813	87	88	94	499	4193	6170	Single-player	
1104739253	8-bit Hordes	1823	56	62	71	1499	6453	4003	Single-player,Multi-player,Co-op	
1509149396	Sacred Fire: A Role Playing Game	0	57	69	191	1799	13067	1113	Single-player	
1831776886	Succumate	0	57	69	220	1499	13178	7844	Single-player	
1243419675	Nethergate: Resurrection	0	57	63	74	499	242	142	Single-player	
2101493879	Mashed	0	59	64	0	499	12551	18	Single-player	
1601643636	Fast Break	0	76	68	0	699	1833	6832	Single-player,Multi-player	
1404977124	Project Warlock II Demo	0	58	64	223	0	9880	7567	Single-player	
2071181157	1000xRESIST	0	87	104	191	9999	14449	5986	Single-player	
1427964976	REVOLVER360 RE:ACTOR	0	58	67	72	999	4253	6262	Single-player	
1127395101	Days Gone	0	60	69	102	4999	16472	8213	Single-player	
1197512724	Urbek City Builder Prologue	0	56	89	95	0	14212	7303	Single-player	
1207667133	Anomaly Korea	823	56	64	75	499	213	109	Single-player	
1563582501	Missile Command: Recharged	0	60	67	153	999	14914	27	Single-player,Co-op	
1595659240	Mafia Classic	2905	60	69	123	1499	7923	3863	Single-player	
1131357530	Secret Files: Tunguska	3209	87	88	73	999	10640	3733	Single-player	
1649813385	SpaceBourne 2	0	58	68	153	1999	16097	9050	Single-player	
1967897027	Hyperviolent	0	58	65	86	1499	13025	6170	Single-player	
1621135703	Asterix & Obelix XXL 3 - The Crystal Menhir	3382	60	69	71	1999	9889	47	Single-player,Co-op	
1511212118	#DRIVE Rally	0	59	67	78	9999	16562	9287	Single-player	
1207667203	Metrocide	0	58	67	90	1299	3673	6115	Single-player	
2010600563	Even the Ocean	0	87	67	80	1999	6663	4143	Single-player	
2146639313	Sudden Strike 4	0	56	62	74	1999	8693	53	Single-player,Multi-player	
1207662113	Rex Nebular and the Cosmic Gender Bender	0	87	88	72	599	170	27	Single-player	
1438007195	Warrior Kings: Battles	1523	56	62	71	599	5673	18	Single-player,Multi-player	
2069785347	SHEEPO	0	60	202	80	999	13085	7033	Single-player	
1249249337	HumanitZ	0	60	69	102	1999	16169	8351	Single-player	
1161953168	House Builder	0	87	68	96	1999	14878	8449	Single-player	
1430953337	Schein	0	60	69	80	499	2583	82	Single-player	
1371141798	Predynastic Egypt Demo	3010	56	63	74	0	9886	6064	Single-player	
1237302557	The Gadget Twins	0	58	64	153	699	8743	5453	Single-player	
1693622295	Murder Mystery Machine	0	87	81	94	999	12845	47	Single-player	
1850853924	RESTLESS SOUL	0	87	64	171	1499	15028	6929	Single-player	
1090287940	Curious Expedition 2	0	87	81	74	1999	5833	7853	Single-player	
2115858327	Eclipse	0	87	97	71	1399	13736	8060	Single-player	
1863212789	StrikeForce Kitty	0	87	67	80	799	13595	82	Single-player	
1396287570	Dracula: Love Kills	0	87	88	217	999	10589	72	Single-player	
1553026205	Kingdom's Life	0	56	68	0	699	14779	8389	Single-player	
1990946201	Terroir	0	61	81	95	799	11252	6926	Single-player	
1207658894	Chaser	0	58	65	72	599	150	87	Single-player	
1207658926	Desperados: Wanted Dead or Alive	84	56	62	75	499	169	87	Single-player	
1766270223	Superliminal	0	87	104	143	1999	11680	7144	Single-player,Multi-player	
1316203883	Chicken Assassin: Reloaded	0	60	97	100	499	15110	5243	Single-player	
1430740458	Saints Row 2	1243	60	66	73	999	5	1593	Single-player,Multi-player,Co-op	
1488738238	LEGO® Bricktales	0	87	89	96	2999	11422	7853	Single-player	
1138525184	Oddworld: Soulstorm Enhanced Edition	0	60	69	80	3999	49	42	Single-player	
1207659000	The 11th Hour	85	87	65	86	599	197	97	Single-player	
1451952142	The Legend of Heroes: Trails of Cold Steel II	2879	57	63	71	3999	2653	1873	Single-player	
2147483117	Metamorphosis	0	60	69	96	2499	11389	9493	Single-player	
1207659002	Hitman 2: Silent Assassin	87	60	68	90	899	10180	6223	Single-player	
1176929400	Medal of Honor™: Pacific Assault	1983	58	65	74	999	502	4	Single-player	
1731318270	LEGO® Star Wars™ - The Complete Saga	0	60	69	171	1999	3913	2313	Single-player,Multi-player,Co-op	
1658947798	Tavern Master Demo	0	61	89	95	0	13670	8045	Single-player	
1959002434	Hentai Jigsaw Puzzle 2	0	61	104	0	299	15547	8648	Single-player	
1441606886	Broken Reality	3443	87	65	72	1299	12236	3153	Single-player	
1584823040	Divinity: Original Sin 2 - Definitive Edition	3	57	63	71	4499	110	61	Single-player,Multi-player,Co-op	
2037234491	Crossroads Inn Anniversary Edition	0	61	81	71	1499	10610	4633	Single-player	
1893867643	Star Control®: Origins	79	60	81	72	2999	5443	3353	Single-player,Multi-player,Co-op	
1207658972	Darklands	0	57	69	74	699	186	6832	Single-player	
1566652906	Headlander	0	60	67	171	1999	111	4653	Single-player	
2008658607	Tools Up! Ultimate Edition	0	60	68	80	3499	11302	7964	Single-player	
1561985671	Dr. Fetus' Mean Meat Machine	0	60	104	80	999	10867	1013	Single-player	
1207659075	DEFCON	543	56	62	73	999	203	101	Single-player,Multi-player,Co-op	
1739036756	No Ghost in Stay Home	0	87	88	86	99	16148	8648	Single-player	
1119659879	OmniBus: Game of the Year Edition	0	59	64	77	999	6603	74	Single-player,Co-op	
1547869041	Probo Rush	0	58	67	153	499	13853	82	Single-player	
1359778856	The Tale of Bistun Demo	0	60	69	0	0	14150	2963	Single-player	
1491580335	The Guest	0	87	104	201	999	7863	4573	Single-player	
1574905103	Sniper: Ghost Warrior 2	0	58	64	90	999	10718	6076	Single-player	
1445251062	Railroad Tycoon 3	1603	61	81	95	999	155	3863	Single-player	
1207659160	Shattered Haven	0	60	69	86	999	793	533	Single-player,Co-op	
1424773427	Hotline Miami 2: Wrong Number	1103	60	67	100	1499	462	74	Single-player	
1365309818	Star Trek™: Hidden Evil	0	60	66	72	999	12929	68	Single-player	
1942380107	Scrapnaut	0	87	89	143	1399	11899	7303	Single-player,Co-op	
2109310402	Philana and the Elixir of Life	0	87	211	71	1299	16769	7844	Single-player	
1207658970	POD Gold	0	59	67	72	599	89	21	Single-player,Multi-player	
1791320736	Das Geisterschiff / The Ghost Ship	0	87	97	86	999	14756	8378	Single-player	
1227938654	Hextech Mayhem: A League of Legends Story™	0	60	67	80	999	6483	7865	Single-player	
1565289890	Dread X Collection: The Hunt	0	60	69	86	9999	14596	8320	Single-player	
1081193936	Symphony of War: The Nephilim Saga	0	56	97	75	1999	14723	8351	Single-player	
1578372472	Dread X Collection	0	60	67	86	9999	14596	8320	Single-player	
1207662143	Braveland	993	56	63	71	699	2043	1493	Single-player	
1625207125	Caves of Qud	0	56	63	103	1999	9688	5974	Single-player	
1549165795	Prodeus	0	58	64	223	2499	11695	6857	Single-player	
1925512696	Undungeon	0	60	69	103	1999	12230	2363	Single-player	
1437401338	Hearts of Iron III	1173	56	62	74	999	3953	2373	Single-player,Multi-player	
1738023096	Sky Cannoneer	0	56	64	72	1499	10879	6697	Single-player,Multi-player	
1852354510	D: The Game	0	87	104	86	599	6673	3493	Single-player	
1983497091	Hexen: Deathkings of the Dark Citadel	0	60	65	71	499	1063	7289	Single-player,Multi-player	
1156382433	Hell Pie	0	60	69	171	2499	13775	1013	Single-player	
1183022406	Anima: Gate of Memories	0	60	69	100	1999	7553	8806	Single-player	
1439969610	Deponia 4: Deponia Doomsday	222	87	88	73	1999	207	105	Single-player	
1207660543	Deadlock 2: Shrine Wars	703	56	63	72	599	1843	27	Single-player,Multi-player	
1389150184	Kimagure Temptation	0	87	211	191	1999	13448	5950	Single-player	
2138535729	Starship Troopers: Terran Command	0	56	62	75	2999	9619	5825	Single-player	
1454319762	Kona	2293	87	64	94	1499	5894	3614	Single-player	
1083619800	The Evil Within 2	3301	60	163	86	3999	11044	3163	Single-player	
1455701771	Paws: A Shelter 2 Game	1113	87	68	80	1999	552	352	Single-player	
1434634843	SuperPower 2	0	56	62	95	999	5013	87	Single-player,Multi-player	
1632726421	Ozymandias: Bronze Age Empire Sim DEMO	0	61	63	74	0	6293	8051	Single-player,Multi-player	
1144297591	Asterix & Obelix: Slap them All!	0	60	70	171	2499	12656	47	Single-player,Co-op	
1207659473	Wing Commander™: Academy	593	58	64	72	599	173	4	Single-player	
1207659094	Lands of Lore 3	182	57	65	71	599	182	4	Single-player	
1789221446	The Curse of Kubel Deluxe Edition	0	57	69	191	1999	15352	7844	Single-player	
1207659192	Anodyne	3179	60	97	71	999	6663	4143	Single-player	
1091099749	The Longing	0	87	68	71	1499	10906	5941	Single-player	
1505930119	LOST EMBER	3239	60	69	143	2999	10583	6491	Single-player	
1422288780	Massive Assault	1053	56	63	72	999	3823	863	Single-player	
1982030524	Dungeon Souls	0	60	69	103	1299	6983	8494	Single-player,Co-op	
1799540958	Lock's Quest	0	56	97	71	1499	8293	6016	Single-player	
1378320841	Starlight of Aeons	0	87	211	0	9999	14705	8357	Single-player	
1207658777	Empire Earth Gold Edition	16	56	62	74	599	99	50	Single-player,Multi-player	
1879726525	Base One	0	56	68	72	2499	12035	7093	Single-player	
1811787702	Prodigy Tactics	0	56	63	71	1999	9321	5801	Single-player,Multi-player	
1333551351	Minute of Islands	0	60	69	80	1999	1363	4763	Single-player	
1783507957	Dr. Emmerson's Nocturnes	0	87	88	86	9999	10252	7814	Single-player	
1417825557	Magical Girl Celesphonia	0	57	69	191	1999	13529	7844	Single-player	
1814107259	Sabbat of the Witch	0	87	211	191	2999	13988	8129	Single-player	
1207659240	Vampire®: The Masquerade - Bloodlines™	1673	57	64	86	1999	120	68	Single-player	
1473263367	黎明为歌 - Melody before the Dawn	0	87	97	191	499	15874	8648	Single-player	
1159146122	Destroy All Humans! Clone Carnage	0	60	69	72	0	7163	87	Multi-player,Co-op	
1207659082	Prince of Persia: Warrior Within	162	60	66	71	999	89	21	Single-player	
1554263611	World Racing 2 - Champion Edition	0	59	67	113	999	16691	8969	Single-player	
1455194518	No Pineapple Left Behind	0	56	68	95	999	5943	3653	Single-player	
1649134120	Kubikon 3D	0	87	64	96	9999	15535	8755	Single-player	
1322527974	Skate Story	0	60	69	0	9999	14072	74	Single-player	
1207666243	TRI: Of Friendship and Madness	0	87	65	96	1499	3273	6358	Single-player	
1296025128	M.U.L.E.	0	56	63	75	599	2413	1783	Single-player,Co-op	
1513456268	Imagine Earth Demo	0	61	81	72	0	12352	7546	Single-player	
2056667973	Stoneshard	0	57	63	123	2499	11101	6799	Single-player	
1275246214	M1 Tank Platoon	3577	60	68	75	999	14584	7922	Single-player	
1207658941	Litil Divil	0	87	64	96	299	104	7640	Single-player	
1207660343	SiN Gold	0	58	65	72	999	1743	483	Single-player,Multi-player	It's time to pay the wages of sin.
1730909031	Heroes of Spyria	0	57	70	71	499	16316	9140	Single-player	
1428935917	Star Wars™: Jedi Knight™ II - Jedi Outcast™	0	58	65	72	999	3423	2313	Single-player,Multi-player	
1849663611	Pray Game	0	60	97	71	2499	16355	7844	Single-player	
1301333630	EARTHLOCK	0	87	97	71	2999	7373	4543	Single-player	
1207664523	Screamer 4x4	232	59	68	77	599	2263	903	Single-player,Multi-player	
1503191590	Pinstripe	0	87	104	80	1499	8273	5908	Single-player	
1510550288	Lethal Honor - Order of the Apocalypse	0	60	69	103	9999	16526	6016	Single-player	
1207658737	Pro Pinball Timeshock	51	61	64	91	599	75	1483	Single-player	
1207658749	IL-2 Sturmovik™: 1946	0	61	70	74	999	85	8207	Single-player,Multi-player	
2129139688	Ultimate General: Civil War	0	56	68	74	2999	3733	2553	Single-player	
1357323278	Final Vendetta	0	60	70	100	2499	8223	7532	Single-player,Co-op	
1403485498	Mortal Kombat Trilogy	0	60	67	100	999	3883	2653	Single-player,Co-op	
1455980545	Guard Duty	0	87	88	71	999	11413	3153	Single-player	
1445249430	X-Com: Apocalypse	1593	56	63	72	499	170	3863	Single-player	
1378946365	Unforeseen Incidents	0	87	88	94	1999	9625	5941	Single-player	
1207658997	Thief™ Gold	86	60	68	90	699	194	8578	Single-player	
2145436309	ECHO	0	58	64	72	2499	9123	5673	Single-player	
1431127790	Redout: Space Assault	0	60	68	72	999	11951	7325	Single-player	
1088641408	18 Wheels of Steel: Hard Truck	3413	61	62	73	999	11620	6896	Single-player	
2033799141	Subverse	0	87	64	72	2999	12812	7730	Single-player	
1207660283	Heretic Kingdoms: The Inquisition	973	57	64	71	499	1713	1253	Single-player	Religion is heresy!
1639436859	Ghost Blood	0	60	65	143	399	15155	82	Single-player	
1983158912	Do Not Feed the Monkeys 2099	0	61	81	95	1499	4173	8174	Single-player	
1256432987	Atari 50: The Anniversary Celebration	0	60	67	74	3999	10556	27	Single-player,Multi-player,Co-op	
1135188594	Death Trash	0	57	64	123	1999	12623	7643	Single-player,Co-op	
1677885333	Reigns	2834	87	68	71	299	7353	74	Single-player	
1139263045	No Longer Home	0	87	88	143	1499	12370	5986	Single-player	
1740490644	The Lion's Song	0	87	88	191	799	9425	5840	Single-player	
1108235156	Carto	0	87	104	143	1999	11593	6857	Single-player	
1557744677	Talisman: Digital Edition	3370	57	221	71	699	11575	7096	Single-player,Multi-player,Co-op	
1228667053	Road 96	0	87	65	191	1996	12647	3733	Single-player	
1207658940	Rayman 2: The Great Escape	70	60	69	80	599	89	21	Single-player	
1120916026	Silt	0	87	104	0	1499	13271	8036	Single-player	
1181224050	Being a DIK - Season 1	3521	57	211	191	1399	13322	7904	Single-player	
1207658985	Desperados 2: Cooper's Revenge	84	56	62	75	999	169	87	Single-player	
1299791510	Outcast - A New Beginning	0	60	69	123	5999	12581	87	Single-player	
1590675591	Barely Racing	0	59	64	153	899	16859	9452	Single-player,Multi-player,Co-op	
1093540480	Phonopolis	0	87	104	0	9999	205	103	Single-player	
1209025141	Horizon Zero Dawn™ Complete Edition	0	57	64	72	4999	11737	8213	Single-player	
1439637285	System Shock	0	58	65	72	3999	6853	7586	Single-player	
1973516426	Seal of Evil	0	60	97	71	999	16376	18	Single-player	
1117352613	Ashen	0	87	97	71	3999	10760	5828	Single-player,Multi-player,Co-op	
1313894405	Mechajammer	0	57	63	75	2499	4573	7147	Single-player	
1561818206	Dread Templar	0	58	65	71	1999	12782	6170	Single-player	
1592974265	The Long Reach - DEMO	0	60	69	201	0	9544	86	Single-player	
1116345066	MarZ: Tactical Base Defense	0	56	64	72	2199	14896	8467	Single-player	
1386025601	Paradise Lost	0	87	65	143	1499	12113	6364	Single-player	
1429223464	Time Loader: First Memories	0	87	104	80	0	12047	7021	Single-player	
1978178686	Saints Row: Gat out of Hell	1243	60	66	123	1499	8353	1593	Single-player,Multi-player,Co-op	
1181883665	Outward OST	0	57	163	71	799	10634	7586		
1270026588	Ambrosia	0	57	63	191	1499	13529	7844	Single-player	
1991069301	Siege Survival: Gloria Victis	0	56	163	95	2499	12203	3733	Single-player	
1207664403	Pinball World	0	61	64	91	599	2183	50	Single-player	
1382504295	XF5700 Mantis Experimental Fighter	0	61	64	72	699	12080	6832	Single-player	
1207659111	Battle Realms + Winter of the Wolf	0	56	62	71	999	15079	8569	Single-player,Multi-player	
1207664313	The Labyrinth of Time	0	87	65	72	599	2163	723	Single-player	
1207658707	Broken Sword 2: Remastered	29	87	88	94	599	50	36	Single-player	
1170675521	Alice VR	0	87	104	191	999	7603	4633	Single-player	
1810402117	Marble Maid	0	87	104	171	999	16037	8999	Single-player	
1248478688	Dwarrows	0	56	89	71	2999	10951	6754	Single-player	
1396468236	Dark Future: Blood Red States	0	56	64	75	2499	10700	6581	Single-player	
1780825595	The Way of Wrath	0	57	63	75	9999	11195	7790	Single-player	
1471405734	Sid Meier's Civilization® III Complete	1913	56	63	73	599	175	3863	Single-player	
1757554673	Universe 3	0	87	97	72	799	16451	3493	Single-player	
1441096843	Al-Qadim: The Genie's Curse	0	57	64	71	599	1843	7219	Single-player	
2042701637	Parquet	0	87	211	191	1699	13988	8129	Single-player	
1086301307	Beyond The Edge Of Owlsgard	0	87	88	0	2499	14905	4763	Single-player	
1207660703	Dark Fall 3: Lost Souls	0	87	65	86	999	1903	1113	Single-player	
1336035696	Oxide Room 104	0	60	69	86	2499	15212	8636	Single-player	
1577265251	The Talos Principle: Gold Edition	0	60	69	96	4499	142	7099	Single-player	
2044697588	Flowers - Le Volume Sur Automne	3569	87	211	191	1999	14291	7919	Single-player	
1207658832	Mob Rule Classic	0	61	89	95	599	122	4963	Single-player	
1225070418	UsoNatsu ~The Summer Romance Bloomed From A Lie~	0	87	211	191	2499	11917	5950	Single-player	
1663627600	Dreamscaper	0	60	69	103	2499	14699	8354	Single-player	
1497007810	Nehrim: At Fate's Edge	0	57	69	71	0	15007	8524	Single-player	
1271998194	Herald: An Interactive Period Drama - Book I & II	2323	87	88	191	999	8153	5013	Single-player	
1754024564	The Gateway Trilogy	0	87	88	96	999	10135	6190	Single-player	
1316607407	Super Huey™ III	0	60	68	0	699	11629	6832	Single-player	
1459441475	1979 Revolution: Black Friday	1843	87	64	74	999	6253	3883	Single-player	
1304291300	Monster Train	0	56	221	103	2499	11524	2673	Single-player,Multi-player	
1955819598	SuperPower 3	0	56	68	73	2999	5013	87	Single-player,Multi-player,Co-op	
1725170251	Death end re;Quest 2	3512	60	97	220	3999	13223	3043	Single-player	
1455619996	Arctico	0	87	89	143	999	13703	8048	Single-player,Co-op	
1918301028	Age of Wonders: Planetfall	0	56	63	72	4999	146	2373	Single-player,Multi-player	
1787109378	Leap of Faith + Official Walkthrough	0	87	211	191	1398	15067	8560	Single-player	
1514133152	Coffee Noir - Business Detective Game	0	56	68	95	1399	12068	7427	Single-player	
2062288372	Westmark Manor	0	87	163	86	1199	11225	6893	Single-player	
1426562478	Exophobia	0	58	64	223	9999	12536	7540	Single-player	
1841559796	Knightin'+	0	60	69	71	599	10921	6724	Single-player	
1444308510	Hammerting	0	56	68	95	2499	11984	3753	Single-player,Co-op	
1387720706	Higurashi When They Cry Hou - Ch.2 Watanagashi	2938	87	211	201	799	9628	5947	Single-player	
2000350026	SpaceEngine	0	61	98	143	2999	14036	8150	Single-player	
1870509138	Nightmare Reaper Demo	0	60	65	86	0	10577	6485	Single-player	
1454067812	BattleZone 98 Redux	2894	56	62	72	1999	6713	50	Single-player,Multi-player	
1501698573	Timequest	0	87	104	72	699	44	6832	Single-player	
1911154018	Kane & Lynch 2: Dog Days - Complete Edition	0	60	66	0	2096	193	94	Single-player	
1940525359	ElecHead	0	87	104	80	999	13559	8000	Single-player	
1607286183	Monster Prom 2: Monster Camp	0	61	211	171	1199	9958	7123	Single-player,Multi-player,Co-op	
1207659234	Rayman Origins	0	60	69	80	1999	89	21	Single-player,Co-op	
1207664873	The Guild 2 Renaissance	773	61	81	74	999	2533	87	Single-player	The Renaissance awaits you!
1602125846	My Time at Sandrock	0	61	97	113	9999	10024	8074	Single-player	
1580081235	HunieCam Studio	3421	61	0	95	699	5373	3313	Single-player	
1459769749	Dark Envoy	0	57	81	71	2999	9760	6010	Single-player,Multi-player,Co-op	
1207658938	Wing Commander ®: Privateer ™	593	58	64	72	599	173	4	Single-player	
1207659068	Deus Ex 2: Invisible War	122	60	97	72	699	192	8578	Single-player	
1895365124	Beholder 3 Demo	0	56	69	95	0	10849	9431	Single-player	
1207659107	Krush Kill 'N Destroy Xtreme	413	56	62	72	699	402	6832	Single-player,Multi-player	
1207658843	Gabriel Knight 3: Blood of the Sacred, Blood of the Damned	10	87	66	94	599	119	68	Single-player	
1207659069	Torchlight	1733	57	64	71	1499	252	152	Single-player	
1249210186	Space Crew: Legendary Edition	0	61	81	72	2499	14842	2883	Single-player	
1650460968	The Long Journey Home	0	61	81	72	999	7583	105	Single-player	
1207658897	Moto Racer 3 Gold Edition	64	59	64	78	999	151	47	Single-player	
1207658747	Prince of Persia®: The Sands of Time	162	60	69	71	999	89	21	Single-player	
1668927526	Time Lock VR 2	0	60	69	143	999	7343	4533	Single-player	
1207667013	Freedom Planet	0	60	67	80	1499	3603	2403	Single-player	
1207658822	Strategic Command: European Theater	8	56	63	74	999	117	18	Single-player	
1164193173	Blades of Time	0	60	97	71	999	4203	2803	Single-player	
2109390794	Outcast - Second Contact	2860	60	69	72	1499	9466	2643	Single-player	
1277886679	Shantae: Half-Genie Hero Ultimate Edition	0	87	64	80	2999	5263	3263	Single-player	
1207659150	A New Beginning: Final Cut	0	87	88	73	999	207	105	Single-player	
1420716694	Double Dragon Trilogy	0	60	67	100	599	1003	49	Single-player,Multi-player	
1207660393	Speedball 2 HD	0	76	67	72	999	1763	50	Single-player,Multi-player	
1460734831	BIT.TRIP Presents... Runner2: Future Legend of Rhythm Alien	1663	60	69	72	1499	6483	4023	Single-player	
1392256272	Patron Demo	0	61	81	0	0	12698	7682	Single-player	
1167796534	UnMetal	0	60	69	171	1999	11237	1333	Single-player	
1862763203	Telltale Texas Hold'em	0	61	221	171	99	11761	7240	Single-player	
1207666253	The Secret of Monkey Island™: Special Edition	1143	87	88	71	999	3423	2313	Single-player	
1545755591	SpongeBob SquarePants: Battle for Bikini Bottom - Rehydrated	0	87	64	80	2999	12950	87	Single-player,Multi-player,Co-op	
1559743229	The Legend of Heroes: Trails of Cold Steel III Demo	0	87	63	220	0	2653	5643	Single-player	
1916795609	The Last Faith	0	60	69	80	2799	14956	7006	Single-player	
1552467423	Space Hack	0	60	97	72	499	13961	82	Single-player	
1851072646	Please Fix The Road	0	61	63	96	999	13889	8102	Single-player	
1207658944	Atlantis: The Lost Tales	74	87	65	96	599	95	47	Single-player	
1910900558	TERRACOTTA	0	87	104	143	1999	15307	8351	Single-player	
1919321830	Gods Will Fall	0	60	69	71	1499	11942	1593	Single-player	
1207658792	Mobile Forces	0	58	64	75	399	30	7640	Single-player,Multi-player,Co-op	
1604903045	Returning To Mia	0	87	211	191	1499	15037	8542	Single-player	
1542061104	Clouzy!	0	87	68	143	1499	15295	8351	Single-player	
1888064208	Iconoclasts	0	60	69	80	1999	8613	5373	Single-player	
2016844216	CAYNE	2213	87	88	86	0	5053	3183	Single-player	
1908486934	Batman™: Arkham Origins	3394	60	69	100	1999	11776	2653	Single-player	
1365394764	Minoria	3182	60	69	133	1999	6643	6238	Single-player	
1421855536	World of Goo	0	56	89	96	1499	3793	2583	Single-player	
2135168204	Bleak Faith: Forsaken	0	60	97	71	2999	14282	8225	Single-player	
1207659153	Imperialism 2: The Age of Exploration	252	56	63	74	599	572	21	Single-player,Multi-player	
1640957675	Dark Fall: Ghost Vigil	0	87	88	86	1099	1903	6742	Single-player	
1935795441	18 Wheels of Steel: Extreme Trucker	3413	61	62	73	999	11620	6896	Single-player	
1618041199	Crying Suns Demo	0	56	68	72	0	10502	6857	Single-player	
1207658849	Syberia II	17	87	88	94	1299	128	47	Single-player	
1949808563	Way of the Red	0	60	70	80	199	7653	4643	Single-player	
1265763708	Knights of Honor II: Sovereign	0	61	81	74	4499	14747	87	Single-player	
1447688349	UnderRail	3154	57	63	72	1499	5573	3423	Single-player	
1820028301	Heir of the Dog Demo	0	87	88	96	0	14830	8395	Single-player	
1918420377	Ballance	0	60	104	80	599	16664	6778	Single-player	
1574431305	Deadly Dozen Pacific Theater	0	60	81	223	999	9527	6832	Single-player	
1207665183	Tetrobot and Co.	853	60	81	96	999	2663	1883	Single-player	There are no problems, only solutions.
2076435096	Outerverse	0	60	69	143	1999	15289	8351	Single-player	
1436955815	Albion	0	57	63	72	599	90	21	Single-player	
1573778409	Octopus City Blues	0	87	88	86	9999	16436	9191	Single-player	
1207659039	Zeus + Poseidon (Acropolis)	523	56	68	95	999	97	68	Single-player	
1196498927	Womanizer	0	87	211	191	9999	15010	8527	Single-player	
1207658682	Gothic	40	57	66	71	999	36	87	Single-player	
1207660053	Aqua Kitty: Milk Mine Defender	0	58	67	73	599	1613	1173	Single-player,Multi-player,Co-op	Protect the kitties, destroy the sea monsters - THE MILK MUST FLOW!
1688702977	Residual	0	60	69	80	1999	12920	8168	Single-player	
1732894127	A.I.M. Racing	0	59	64	72	299	14354	6170	Single-player,Multi-player	
1457355665	The Last Door: Season 2 Collector's Edition	1633	87	88	86	999	2283	933	Single-player	
1207658714	In Cold Blood	0	87	66	90	599	50	36	Single-player	
1778055342	Lords of the Fallen Game of the Year Edition	0	57	64	71	2999	9910	6076	Single-player	
1426253436	Star Wolves 3: Civil War	1533	56	97	72	499	4243	6170	Single-player	
1727084310	Heal	0	87	88	96	699	10048	6142	Single-player	
2077016765	Higurashi When They Cry Hou - Rei	0	87	211	201	599	9628	5947	Single-player	
1207658660	F/A-18E Super Hornet	0	61	70	73	999	22	2	Single-player,Multi-player	
1808582759	Jazz Jackrabbit Collection	2828	87	64	80	999	32	35	Single-player	
1506893300	Undead Darlings ~no cure for love~	0	57	211	220	2999	12764	5950	Single-player	
1612879901	No Place for Bravery	0	60	97	71	1999	12785	4203	Single-player	
1207661733	Sword of the Samurai	0	60	81	74	599	11162	27	Single-player	
1731372333	Hellish Quart	0	60	70	100	1699	11870	7280	Single-player,Multi-player	
1703925190	Hirilun	0	60	65	80	999	13694	82	Single-player	
1721250578	Ankh 3: Battle of the Gods	3379	87	88	171	999	10267	18	Single-player	
1207659224	Anvil of Dawn	0	57	65	71	599	114	21	Single-player	
1120985759	Janosik 2	0	60	69	133	9999	12451	7567	Single-player	
1937439756	Links 386 Pro	3476	76	68	0	999	102	6841	Single-player,Co-op	
2001710861	Blazing Beaks	0	58	64	103	1499	10484	6431	Single-player,Multi-player,Co-op	
1207659106	Urban Chaos	0	60	66	73	699	382	7312	Single-player	
1436065482	Space Tail: Every Journey Leads Home	0	87	67	80	1999	14428	8284	Single-player	
1207658975	ARMA: Gold Edition	282	61	65	75	999	692	472	Single-player	
2061764115	Power Struggle	0	56	63	0	699	13880	3493	Single-player,Co-op	
2089824097	INSOMNIA: The Ark	3265	60	97	72	2999	10790	4693	Single-player	
1247072376	Mosaic	0	87	104	73	1999	2353	3343	Single-player	
1950754973	Slay the Spire	0	56	63	103	2499	10153	6208	Single-player	
1084236206	Rabbit Burn	0	60	70	0	1499	13991	8039	Single-player	
1731961403	UsoNatsu ~The Summer Romance Bloomed From A Lie~ Demo	0	87	211	191	0	11917	5950	Single-player	
1871276552	A Long Journey to an Uncertain End	0	57	69	72	2499	15892	8911	Single-player	
1713740344	Rough Justice: '84	0	87	81	94	1999	15280	105	Single-player	
1254183701	BAD END THEATER	0	61	211	191	999	15101	8579	Single-player	
1405865102	Chef: A Restaurant Tycoon Game	0	61	93	95	1999	11467	3153	Single-player	
1501803768	South Scrimshaw, Part One	0	87	211	72	0	16064	9020	Single-player	
1755305233	Virgo Versus the Zodiac Demo	0	60	69	220	0	14147	8201	Single-player	
1688255471	Mokoko X	0	58	67	153	999	15547	8648	Single-player	
2047947909	Colossal Cave Demo	0	87	88	143	0	15179	8627	Single-player	
1141086411	Silent Hill 4: The Room	0	60	69	86	999	11590	7090	Single-player	
1835150268	Cold Hearts Demo	0	87	211	201	0	10688	6569	Single-player	
1914471609	Street Racer	0	59	67	78	699	12557	5453	Single-player,Co-op	
1647731778	Guardians of Infinity: To Save Kennedy	0	87	0	72	699	12080	6832	Single-player	
1207658770	Silent Hunter® 2	0	61	81	74	999	47	21	Single-player	
1772238447	Blacksad: Under the Skin	0	87	104	94	1999	10366	47	Single-player	
1148746505	Paper Beast - Folded Edition	0	87	104	143	1699	12674	7670	Single-player	
1207659753	VVVVVV	0	60	104	80	499	1343	993	Single-player	Oh no! Everyone's been randomly teleported away again!
1116990124	Wild West Dynasty	0	87	68	143	2699	15070	6775	Single-player	
1169945623	Vernal Edge	0	60	202	80	1699	15092	7958	Single-player	
1835138481	Suffer The Night Demo	0	60	69	86	0	15233	4763	Single-player	
1442832029	Shantae: Risky's Revenge - Director's Cut	1573	87	64	80	999	5263	3263	Single-player	
1544509144	Core Decay	0	60	97	72	9999	16475	382	Single-player	
1445506889	Sengoku	0	56	62	74	999	3953	2373	Single-player,Multi-player	
1435570424	Ronin	0	60	63	80	1299	4743	74	Single-player	
1797256844	It Lurks Below	0	57	64	113	1999	11077	6814	Single-player	
2029703882	The Legend of Heroes: Trails of Cold Steel	2879	57	63	71	3999	2653	1873	Single-player	
1421993477	Pizza Connection 3	2143	56	68	95	1999	9556	4763	Single-player	
1759577042	TigerShark	0	58	64	181	799	15643	5453	Single-player	
1594591834	Mutant Football League: Dynasty Edition	0	76	62	100	1999	16466	9209	Single-player,Multi-player,Co-op	
1905966578	Telling Lies	0	87	68	94	1999	10475	5828	Single-player	
1881940917	Shadow Gambit: The Cursed Crew - Artbook & Strategy Guide	0	87	81	71	499	11065	8939	Single-player	
1222137726	Cyber mission	0	60	67	153	999	15712	8821	Single-player,Co-op	
1467923822	Clunky Hero 	3509	60	69	80	1499	10526	7826	Single-player	
1922333849	Devil Daggers	0	58	64	86	999	9577	5914	Single-player	
1292614021	Kingdom Rush Vengeance	0	56	64	71	1999	2693	1903	Single-player	
1207666073	Akalabeth: World of Doom	0	57	69	71	0	3233	2213	Single-player	
1341421504	Neptunia Virtual Stars	0	60	69	220	3999	13223	3043	Single-player	
1775961462	no sleep for sole	0	56	69	86	499	16334	9143	Single-player	
1121533634	D.I.G. - Deep In Galaxies	0	60	69	103	999	15391	8908	Single-player,Co-op	
1879406248	Trials of Fire	0	57	81	0	1999	12560	7589	Single-player	
1207660783	Banished	0	56	62	74	1999	1933	1403	Single-player	Build a town, survive the wilderness, thrive and prosper.
1263094765	Breachway	0	56	221	72	9999	15442	7790	Single-player	
1229617105	Volley Pals	0	60	67	80	499	15547	8648	Single-player,Co-op	
1207659453	Shadowgrounds Survivor	583	58	64	72	599	163	106	Single-player,Co-op	Survival of the quickest!
1207658709	Oddworld: Abe's Exoddus	47	60	69	80	599	49	42	Single-player	
1689958384	Pixel Town: Akanemachi Mystery	0	57	69	191	999	14578	7844	Single-player	
1995694626	MicroProse™ Soccer	0	76	68	82	699	170	6832	Single-player,Multi-player	
1167891218	Treasure Adventure World	2875	87	104	123	999	202	7403	Single-player	
2020854984	Call of the Sea	0	87	104	201	1999	11132	3343	Single-player	
1291374242	Verne: The Shape of Fantasy	0	87	104	191	1499	14336	4763		
1207658655	Invictus: In the Shadow of Olympus	0	57	81	71	999	14	2	Single-player,Multi-player	
1207659108	Gangsters: Organized Crime	0	56	68	95	599	412	94	Single-player	
2131041921	Life is Strange: Before the Storm	0	87	64	201	1699	11183	94	Single-player	
1407036516	Serious Sam 4	0	60	69	72	3999	142	74	Single-player,Multi-player,Co-op	
1207659133	The Dark Eye: Chains of Satinav	653	87	88	71	1999	207	105	Single-player	
2052553067	Flotsam	0	61	89	102	2499	10565	6869	Single-player	
1434623024	Cosmonautica	0	56	93	72	999	4723	3003	Single-player	
1207666943	Agarest: Generations of War	1193	57	81	71	1499	3593	2393	Single-player	
1846677136	Astrodogs	3443	60	69	153	1299	12236	3153	Single-player	
1453269351	Signs of the Sojourner	0	57	211	143	1999	11126	6854	Single-player	
1165376925	Archeo: Shinar	0	56	68	95	1299	10021	6130	Single-player,Co-op	
1270634266	Werewolf: The Apocalypse - Heart of the Forest	3376	57	211	191	1499	10390	8671	Single-player	
1239409002	The Mansion	0	87	88	201	699	12400	5801	Single-player	
1712606960	Yuppie Psycho: Executive Edition	0	87	163	86	1666	9778	6655	Single-player	
1832758895	Maniac Mansion	0	87	88	171	599	3423	2313	Single-player	
1390367146	Crime O'Clock	0	87	88	94	1999	16532	9011	Single-player	
1414975207	Coffee Talk Episode 2: Hibiscus & Butterfly	0	87	68	191	1499	9598	6322	Single-player	
1268302405	Jalopy	0	61	69	95	1499	9133	5683	Single-player	
1207664193	Redline	0	58	65	77	599	12119	27	Single-player,Multi-player	
1997189723	Waking	0	60	69	71	1999	11177	2363	Single-player	
1099876267	Infiltrator	0	60	0	101	699	15128	3493	Single-player	
1684624696	Curse: The Eye of Isis	0	87	64	86	299	14189	47	Single-player	
1503950763	Hellpoint	3346	57	64	72	3499	11291	2363	Single-player,Multi-player,Co-op	
1207658804	Dark Fall: The Journal	2	87	65	94	499	109	87	Single-player	
1771718646	Corpse Party: Blood Drive	0	57	69	86	1999	9892	6205	Single-player	
1441875985	Europa Universalis III Complete	1163	56	62	74	1499	3953	2373	Single-player,Multi-player	
1665832416	A Musical Story	0	87	0	191	1499	13163	1243	Single-player	
1430778367	Fox Girls Never Play Dirty!	0	57	63	191	1999	14560	7844	Single-player	
1705092808	Train Valley 2	3172	61	89	95	1499	10435	8015	Single-player	
1207660423	Theme Park	0	61	89	95	599	174	4	Single-player	Where Big Business Meets Big Fun!
1665935467	Kyle is Famous: Complete Edition	0	87	68	171	999	16208	9110	Single-player	
1478128982	The 7th Circle - Endless Nightmare	0	87	97	86	999	12305	7535	Single-player	
1882629798	Death and Taxes Demo	0	61	69	191	0	11431	7045	Single-player	
1654462894	Fetish Locator Week One	0	87	211	191	999	16463	9206	Single-player	
1207659130	Dangerous Dave Pack	0	60	67	80	599	542	2763	Single-player	
1207658951	Atlantis 2: Beyond Atlantis	74	87	65	96	399	95	47	Single-player	
1863535689	Hello Neighbor Alpha Version	0	60	69	90	0	8723	2363	Single-player	
1379411738	Surviving the Aftermath	0	56	163	95	2999	15340	2373	Single-player	
1330646559	Grotto	0	87	0	143	1299	11849	5834	Single-player	
1238406305	Black Skylands	0	60	69	71	1999	12227	2363	Single-player	
1644300588	Before I Forget	0	87	68	143	799	15508	8743	Single-player	
1595590620	Blue Wednesday	0	87	88	96	1999	16427	8648	Single-player	
1207665083	The Legend of Heroes: Trails in the Sky	1493	87	63	220	1999	2653	1873	Single-player	A story of a country once ravaged by war.
1350150429	P.A.M.E.L.A.®	0	60	163	86	2499	9755	6005	Single-player	
1546940267	I am not a Monster: First Contact	0	56	63	72	1099	10045	9431	Single-player	
1527048819	Monolith: Requiem of the Ancients	0	60	69	143	9999	16370	1333	Single-player	
1446463013	Darksiders II: Deathinitive Edition	1233	60	97	71	2999	5513	87	Single-player	
1146609348	Mariachi Legends	0	60	69	80	9999	15206	8351	Single-player	
1797227701	Cossacks 3	2423	56	62	74	1999	198	98	Single-player,Multi-player,Co-op	
1978606156	Country Bumpkin Yutaka	0	87	97	191	1499	15721	7844	Single-player	
1438668439	Frail Hearts: Versicorae Domlion	0	57	211	220	999	15167	8618	Single-player	
1788680213	Tribal Hunter	0	60	70	80	1499	14303	8228	Single-player	
1659148266	Demon Sword: Incubus	0	60	70	220	1999	14174	8039	Single-player	
1445250806	Freedom Force	1623	57	63	75	499	138	3863	Single-player,Multi-player	
1720779330	Wandersong	0	87	62	80	1999	9811	6037	Single-player	
1207666373	Baldur's Gate II: Enhanced Edition	933	57	62	71	1999	3313	2243	Single-player,Multi-player,Co-op	
1469803270	The Last Show of Mr. Chardish	0	60	69	0	999	12053	7766	Single-player	
1663907599	Renfield: Bring Your Own Blood	0	60	67	71	499	11458	6643	Single-player	
1821299814	Sclash	0	60	70	100	899	13748	9011	Single-player,Multi-player,Co-op	
1207662523	Escape Goat 2	783	60	104	80	999	1353	1003	Single-player	
1358344856	Guild of Darksteel Demo	0	87	97	80	0	11852	5834	Single-player	
1207666183	The Void	0	87	65	86	999	833	553	Single-player	
1485600994	Crime Cities	0	58	64	72	399	6133	3783	Single-player,Multi-player	
2008925272	Kraken Academy!!	0	87	97	0	1799	12442	5986	Single-player	
2147483140	Corridor 7: Alien Invasion	0	58	64	223	999	12197	6832	Single-player	
1268478205	The Suffering	2693	58	163	86	999	9073	2653	Single-player	
1533394584	The Stillness of the Wind	0	87	88	191	1299	14102	5986	Single-player	
1207665823	Shadowgate	0	87	88	71	1499	3133	6416	Single-player	
1480921455	Abaddon: Princess of the Decay	0	57	211	220	1999	15862	8896	Single-player	
1595855793	Against the Moon: Prologue	0	87	97	103	0	11365	6911	Single-player	
1271718934	Tear and the Library of Labyrinths	0	57	69	220	1999	13184	7844	Single-player	
1365841075	Fallen Makina and the City of Ruins	0	87	97	220	1499	13505	7844	Single-player	
1730497515	No One Lives in Heaven	0	60	97	143	999	12752	23	Single-player	
1922431071	White Shadows	0	87	104	80	1999	13277	7853	Single-player	
1179524912	Snowtopia: Ski Resort Builder	0	61	81	95	2499	11476	8051	Single-player	
1207658899	Dream Pinball 3D	0	61	64	91	699	153	23	Single-player	
1707953012	Puzzlink	0	56	67	96	299	16022	8996	Single-player	
1807290517	Forgive Me Father 2	0	58	65	86	1999	13001	6170	Single-player	
1757409730	Legends of Murder Collection	0	87	97	201	699	542	6832	Single-player	
1335738339	They Are Billions	0	56	62	72	2999	3723	2543	Single-player	
1436597991	Smart City Plan	0	61	89	95	1599	10831	6646	Single-player	
1092487258	Anodyne 2: Return to Dust	3179	87	97	143	1999	6663	4143	Single-player	
1395135901	Midnight Scenes: A Safe Place	0	87	88	86	9999	15256	8653	Single-player	
1810841502	Tomb Raider: Legend	0	60	69	80	699	211	8594	Single-player	
1207665883	Aliens versus Predator Classic 2000	0	58	65	72	599	101	50	Single-player,Multi-player	
1692087764	688(I) Hunter/Killer	0	56	68	181	999	12911	18	Single-player,Multi-player	
1784695222	Overloop	0	60	69	80	1199	11846	5834	Single-player	
1313754214	Love & Sex: Second Base	0	87	68	191	1999	16046	9005	Single-player	
1881727161	Vampire: The Masquerade - Shadows of New York	3376	57	64	86	1299	10595	6497	Single-player	
2056304878	A Tower Full of Cats	0	87	88	217	9999	15158	8612	Single-player	
1207659179	Total Overdose: A Gunslinger's Tale in Mexico	0	60	66	73	599	753	94	Single-player	
1948334236	Death's Door	0	87	97	143	1999	4273	74	Single-player	
1528148981	The Curse of Monkey Island™	1143	87	88	71	699	3413	2313	Single-player	
1435829353	The Elder Scrolls II: Daggerfall	0	57	69	123	0	5043	3163	Single-player	
1629258827	Deep Sky Derelicts	0	56	97	72	1999	9352	6170	Single-player	
1232383819	R-Type Tactics I • II Cosmos	0	56	97	72	9999	11023	5643	Single-player	
1444826419	The Legend of Heroes: Trails in the Sky SC	1493	57	63	71	2999	2653	1873	Single-player	
1726727487	Trap Legend	0	87	211	0	999	13994	8039	Single-player	
1317709786	Army Men: Toys In Space	1763	56	62	73	599	181	3863	Single-player	
1578481504	The Suffering: Ties That Bind	2693	58	163	86	999	9073	2653	Single-player	
1569371366	To The Rescue!	0	61	89	95	1999	15137	8351	Single-player	
1207658810	Advent Rising	0	60	69	72	999	113	6832	Single-player	
1903363154	Stygian: Reign of the Old Ones	0	57	63	86	1999	10535	6170	Single-player	
1266995554	Wizards & Warriors	0	57	69	71	599	9772	68	Single-player	
1284627191	Silverfall: Complete	0	60	97	71	999	11557	8074	Single-player,Multi-player	
1581756945	Star Trek™: Voyager - Elite Force	0	58	65	72	999	12932	68	Single-player,Multi-player	
1207658776	Ground Control Anthology	41	56	62	72	599	98	50	Single-player,Multi-player	
1324274122	Nightmare Reaper	0	60	65	86	2499	10577	6485	Single-player	
1441636983	Shattered Pixel Dungeon	0	87	63	103	999	15571	8776	Single-player	
1589167087	HighFleet	0	56	64	103	2999	16411	8854	Single-player	
1207658891	Icewind Dale 2 Complete	25	57	70	71	999	6	107	Single-player,Multi-player,Co-op	
1735638003	Bulwark: Falconeer Chronicles	3574	56	89	72	9999	11584	6488	Single-player	
1609408156	Warhammer: Mark of Chaos - Gold Edition	0	57	62	71	999	10972	6766	Single-player,Multi-player	
2065955024	There Is No Light	0	60	69	71	2499	13316	6799	Single-player	
1816812936	TailQuest Defense	0	60	81	143	999	15268	8659	Single-player,Co-op	
1207659015	Ultima™ 8 Gold Edition	78	57	64	71	599	173	4	Single-player	
1444400746	Galactic Civilizations II: Ultimate Edition	0	56	63	72	1999	5443	3353	Single-player	
1642851094	S.W.I.N.E. HD Remaster	0	56	62	171	999	8693	4763	Single-player,Multi-player	
1422912124	WORLD END ECONOMiCA episode.03	3043	87	211	191	1299	9922	5950	Single-player	
1823483649	Machinika Museum	0	87	88	201	799	15505	7958	Single-player	
1456837030	The Interactive Adventures of Dog Mendonça and Pizzaboy®	0	87	88	94	1499	6083	3733	Single-player	
1207659105	Divinity 2: Developer's Cut	3	57	66	71	1999	110	61	Single-player	
1597568554	LEGO® Batman™ 3: Beyond Gotham	0	87	64	96	1999	3923	7210	Single-player,Co-op	
2134863368	Zero Tolerance	0	60	70	102	1199	13685	5453	Single-player	
2019589729	Mortal Glory 2	0	56	63	75	9999	14884	8455	Single-player	
1651577736	El Matador	0	60	66	0	399	14482	6170	Single-player	
1507139900	Monster Prom	3259	61	211	171	1199	9958	6097	Single-player,Multi-player	
2069388635	Sonority	0	87	104	0	1999	13745	5941	Single-player	
1921788846	Megaquarium	3326	56	68	95	2499	5153	6022	Single-player	
1890543378	The Last Stand: Aftermath	0	60	69	0	2499	12373	5908	Single-player	
1601056795	World to the West	0	60	69	80	1499	1793	5223	Single-player	
1243124286	Tales of the Neon Sea	0	87	88	72	1699	12284	7520	Single-player	
1960507401	Wanna Survive	0	57	69	75	1499	14590	7913	Single-player	
1118180511	Annals of Rome	0	56	63	74	499	14714	3493	Single-player	
1434435597	Just Deserts	0	56	68	191	999	12761	5950	Single-player	
1835081550	Shadoworlds	0	87	97	75	699	12499	6832	Single-player	
1857037149	Moonshine Inc.	0	61	81	0	1999	13667	4633	Single-player	
1207658918	Might and Magic® 8: Day of the Destroyer™	553	57	65	71	599	86	21	Single-player	
1441229340	Legends of Eisenwald	2013	57	63	71	1999	5493	3373	Single-player	
1115847033	Backpack Hero	0	60	81	100	1999	16544	8671	Single-player	
1207659793	The Inner World	2773	87	88	71	1499	1363	1013	Single-player	
1949874913	8-bit Invaders	1823	56	62	75	1499	6453	4003	Single-player,Multi-player,Co-op	
2045714816	Rainbow Billy: The Curse of the Leviathan	0	60	69	80	1999	13808	6643	Single-player	
1624842776	Teleglitch: Die More Edition	0	58	64	103	1299	11716	2373	Single-player	
1443428641	HuniePop	3421	61	97	96	999	5373	3313	Single-player	
1079804638	Rise Eterna	0	56	97	75	1999	12487	5801	Single-player	
1207659256	InFlux	0	60	66	96	999	1163	813	Single-player	
1207659131	Pid	0	60	67	80	1999	552	352	Single-player,Co-op	
1440224935	LEGO® Bricktales DEMO	0	87	89	96	0	11422	7853	Single-player	
1429723205	ART OF FIGHTING 2	0	60	67	100	599	8523	5343	Single-player,Co-op	
1408897127	Remothered: Tormented Fathers	0	60	66	86	1999	9613	8087	Single-player	
1207665283	Kingdom Rush	1793	56	64	71	999	2693	1903	Single-player	For the King!
1191470805	Take No Prisoners	0	58	64	72	999	1063	7219	Single-player	
1961572821	Wolfenstein: The Old Blood	0	58	65	72	1999	10903	3163	Single-player	
1618073558	Shadow Warrior Classic Redux	1203	58	65	72	999	7133	74	Single-player	
1207666893	Mount & Blade	963	57	64	71	999	3533	2383	Single-player	
2069019551	Rogue Wizards	0	57	63	103	1499	7813	4713	Single-player	
1207663083	Descent	60	58	68	72	999	24	2	Single-player,Multi-player,Co-op	
1124718952	Nex Machina	0	58	64	72	1999	8633	5423	Single-player,Co-op	
1425136034	Secret Files 2: Puritas Cordis	3209	87	88	73	999	10640	3733	Single-player	
1889957442	Shadow Gambit: The Cursed Crew	0	87	81	71	3999	11065	8939	Single-player	
1611106985	Memory's Dogma CODE:01	3037	87	211	72	1499	9928	5950	Single-player	
1718928173	Wizard's Crown	0	57	63	71	599	13295	7895	Single-player	
1243021945	Tormented Souls	0	60	69	86	1999	13076	8009	Single-player	
1770556474	Call of Juarez: Bound in Blood	3191	58	64	223	999	6133	6079	Single-player,Multi-player	
1488365382	Relicta Demo	0	60	69	96	0	11632	3733	Single-player	
1677559564	Creatura	0	56	68	113	1499	14878	8449	Single-player	
1207659129	Defender's Quest	0	56	97	75	1499	532	332	Single-player	
1231448648	Monolith	0	60	70	153	799	10408	6373	Single-player	
2067376346	CONVERGENCE: A League of Legends Story™	0	60	69	80	2999	15667	7865	Single-player	
1603513052	Jupiter Hell	0	57	63	103	2499	11246	6634	Single-player	
2000520059	The I of the Dragon	0	57	68	71	699	11338	23	Single-player	
1119459074	Fallen Haven: Liberation Day	2954	56	63	72	599	9671	99	Single-player,Multi-player,Co-op	
1994849124	Mary Skelter 2	0	57	69	191	3499	3593	2393	Single-player	
1260865506	Kapital: Sparks of Revolution	0	56	89	95	1999	13022	6170	Single-player	
1905827099	De-Exit - Eternal Matters	0	60	69	96	1999	14521	6016	Single-player	
1460737726	BIT.TRIP FLUX	1663	60	67	72	999	6483	4023	Single-player	
1509171444	Farlanders Prologue	0	56	89	72	0	12185	4773	Single-player	
1263855454	DeathKeep	0	57	69	71	599	15316	7219	Single-player	
1504039647	Frozen Synapse 2	2986	56	63	75	2999	5063	3193	Single-player,Multi-player	
1630330447	Chinatown Detective Agency	0	87	88	96	2499	11252	8033	Single-player	
1676168876	Ultimate Anime Jigsaw Puzzle	0	61	211	96	299	15547	8648	Single-player	
1455704410	Codename Panzers: Phase Two	1563	56	62	74	1499	5963	87	Single-player,Multi-player	
1169744036	XIII - Remake	0	58	65	101	1999	10658	47	Single-player,Multi-player	
1996915520	Ghostrunner Demo	0	60	65	72	0	11144	7117	Single-player	
1217589235	F.E.A.R. 3	0	60	65	86	1999	14806	2653	Single-player	
1584866499	Beat Cop	0	87	68	94	1499	8233	109	Single-player	
1427108887	Star Trek™: 25th Anniversary	1223	87	88	72	999	25	2	Single-player	
1784604387	Incubus Quest	0	57	211	71	1499	16871	7844	Single-player	
1207667233	Blackguards 2	1013	57	63	71	999	207	105	Single-player	Follow Cassias march into madness to claim the Shark Throne for herself!
1898584026	The Pirate's Fate	3482	57	211	191	1999	12611	7625	Single-player	
1665406546	The Signal From Tölva	0	60	69	72	1999	2233	1663	Single-player	
1207658913	Zork Nemesis: The Forbidden Lands	68	87	88	71	599	162	68	Single-player	
1346065995	Wall World	0	56	69	103	699	16829	9431	Single-player	
2143654691	Heroes of Hammerwatch	2897	60	69	71	1199	1223	883	Single-player,Multi-player,Co-op	
1452682147	Silence	2043	87	64	201	1999	207	105	Single-player	
1733644340	Blade & Bones	0	60	69	133	1499	7803	4703	Single-player	
1207659238	Pandemonium 2	463	60	69	80	599	211	94	Single-player	
1852287124	Victory at Sea Pacific	2983	56	62	181	3999	6303	3923	Single-player	
2108217780	Airborne Kingdom	0	61	81	143	2499	14696	8351	Single-player	
1609812781	Project Wingman	0	60	68	73	2499	11797	7222	Single-player	
1460731832	Sherlock Holmes: Nemesis - Remastered	1703	87	88	94	999	132	72	Single-player	
1949242282	Delta Force: Land Warrior	2273	60	70	75	999	7963	87	Single-player,Multi-player	
1482195316	Yes, Your Grace	0	87	97	95	1999	10969	6004	Single-player	
1553602216	Monster Prom 3: Monster Roadtrip	0	87	211	171	1199	9958	7123	Single-player,Multi-player,Co-op	
1436885062	Tropico 5	0	56	68	73	2499	91	53	Single-player,Multi-player,Co-op	
1328719553	Raimodula	0	60	67	72	999	16343	9146	Single-player,Co-op	
1875628601	Synthetic Lover Demo	0	87	211	72	0	15034	8572	Single-player	
1517967052	Ape Out	0	60	67	100	1499	16877	74	Single-player	
2028053392	Warhammer 40,000: Boltgun	0	58	64	72	2199	10700	8074	Single-player	
1439647354	Sorcerer King – Rivals	0	56	63	71	1999	5443	3353	Single-player	
1207658762	Celtic Kings: Rage of War	0	56	97	74	499	91	110	Single-player,Multi-player	
1905319640	Yet Another Fantasy Title (YAFT)	0	60	69	71	9999	10372	9502	Single-player	
1986871555	Fade to Silence	0	60	163	72	2999	492	87	Single-player,Multi-player,Co-op	
1627253638	Power of Ten	0	60	0	72	1199	14929	8488	Single-player	
1091791464	Exiled Kingdoms	0	57	69	123	799	11380	7027	Single-player	
2076457657	Endling - Extinction is Forever	0	87	68	143	2999	13142	6016	Single-player	
1321782603	B.I.O.T.A.	0	60	70	80	999	12460	7567	Single-player	
1867636993	Split	0	60	69	96	1199	15122	8591	Single-player	
1866866270	Star Vikings Demo	0	56	104	72	0	7543	5243	Single-player	
1452699415	Thea: The Awakening	3136	56	63	102	1999	5783	3563	Single-player	
1311648027	Yakuza 4 Remastered	3592	60	69	191	1999	15832	6652	Single-player	
2144348801	Where Birds Go to Sleep	0	87	88	143	9999	14731	8362	Single-player	
1231141443	HYPERGUN	0	60	65	103	999	9755	6005	Single-player	
1797331296	Barony	0	57	66	71	1999	6543	4043	Single-player,Multi-player,Co-op	
1301609073	The Valiant Multiplayer Demo	0	56	97	75	0	8693	87	Single-player,Multi-player	
1385336558	Rules of Engagement	0	57	81	72	799	16451	3493	Single-player	
2000481821	Secret Agent HD	0	60	67	80	799	11554	7180	Single-player	
1126297134	Imperial Grace	0	87	211	191	9999	13760	7472	Single-player	
1284364409	Caravan	0	56	69	74	599	7263	105	Single-player	
1453126104	FORCED SHOWDOWN	0	60	81	72	1999	6093	3743	Single-player	
1633057647	Galaxy Trucker: Extended Edition	0	56	62	72	999	10511	6440	Single-player,Multi-player	
1207659072	To The Moon	953	87	88	72	999	272	162	Single-player	
1174280500	STAR WARS™: The Force Unleashed™ II	2843	60	66	72	1999	3413	2313	Single-player	
1207658745	Cannon Fodder	322	60	67	75	599	88	1	Single-player	
1676641473	Don't Escape: 4 Days to Survive	0	87	88	72	1499	9979	5908	Single-player	
1392183643	Warhammer 40,000: Dakka Squadron - Flyboyz Edition	0	60	70	71	1999	12031	7399	Single-player,Multi-player	
1334336941	Les Manley in: Search For The King	0	87	88	96	699	1833	6832	Single-player	
1182586935	The Spirit and the Mouse	0	87	104	80	1999	14273	5908	Single-player	
2115164708	88 Heroes	0	60	67	80	1499	8223	6193	Single-player	
1207659049	Retro City Rampage DX	0	60	69	73	1499	218	116	Single-player	
1337315711	The Heart of Darkness	0	87	63	71	1999	13859	7844	Single-player	
1207658885	Age of Wonders: Shadow Magic	39	56	63	71	999	146	2373	Single-player,Multi-player	
1432222749	Call of Cthulhu: Prisoner of Ice	1293	87	88	86	599	167	27	Single-player	
1795284252	Iron Dungeon	0	60	67	103	999	14416	8269	Single-player	
1207659013	Treasure Adventure Game	0	87	97	80	0	202	100	Single-player	
1207662703	Moebius: Empire Rising	0	87	88	94	1499	2113	1603	Single-player	
1858999015	Arto	0	60	97	0	1999	15412	8351	Single-player	
1985428841	Colossal Cave VR	0	87	88	143	1999	15179	8627	Single-player	
1176964782	Card Shark	0	87	221	74	1999	7353	74	Single-player	
1207659033	Uplink: Hacker Elite	543	56	68	73	599	203	101	Single-player	
1169377716	WORLD OF HORROR	0	57	69	86	1999	10975	4203	Single-player	
1207659225	Leisure Suit Larry: Magna Cum Laude: Uncut and Uncensored!	323	87	64	73	599	119	1	Single-player	
2099389040	Pixel Town: Akanemachi Mystery 2	0	57	69	191	999	14578	7844	Single-player	
1883930697	Tandem: A Tale of Shadows	3503	87	104	80	1499	12578	7579	Single-player	
1633815479	SHOCK TROOPERS	0	58	64	73	599	8523	5343	Single-player,Multi-player,Co-op	
1901367087	A Plague Tale: Innocence	0	87	64	90	3999	10733	8074	Single-player	
1207660183	Sword of the Stars: The Pit Osmium Edition	483	57	63	103	999	933	653	Single-player	Gold Edition upgrade.
1453378371	Future Unfolding	0	60	69	96	1999	8213	5073	Single-player	
2123803656	March of Shrooms	0	60	81	71	699	16184	8351	Single-player	
1650413893	Shadow Warrior 3: Definitive Edition	0	58	64	71	3999	1233	74	Single-player	
1104118179	15 Days	0	87	88	94	999	5613	6016	Single-player	
1207658912	Total Annihilation: Kingdoms + Iron Plague	37	56	62	71	599	145	863	Single-player,Multi-player	
1715681064	Retro Classix: Joe & Mac - Caveman Ninja	0	60	67	80	699	12062	6832	Single-player,Co-op	
1207660023	Triple Town	0	56	89	96	999	1593	1153	Single-player	Put your city-building puzzle skills to the test!
1605503821	Superhero League of Hoboken	0	87	104	72	699	9434	6832	Single-player	
2000358318	Ys: Memories of Celceta	1083	57	69	71	2499	2653	1873	Single-player	
1207659118	Hotline Miami	1103	60	67	100	999	462	74	Single-player	
1638321975	Cyberpunk SFX	0	60	69	72	1199	7343	4533	Single-player	
1577402642	Infiltrator 2	0	60	0	101	699	15128	3493	Single-player	
1437564865	Ziggurat	0	58	65	103	1499	4913	3123	Single-player	
1926855580	Kainga: Seeds of Civilization	0	56	89	103	1999	15460	8722	Single-player	
1462182139	Euphoria: Supreme Mechanics	0	87	104	72	1499	7343	4533	Single-player	
1130198416	a pet shop after dark	0	87	88	86	999	14033	8147	Single-player	
1598934524	LumbearJack	0	87	104	171	1299	13154	5908	Single-player	
1452983471	Steel Rats™	0	59	64	80	999	9913	6085	Single-player	
1685794163	Smelter Demo	0	60	69	80	0	12016	6238	Single-player	
1207659168	Daikatana	0	60	65	72	699	192	94	Single-player,Multi-player	
1207659207	Overlord + Raising Hell	2962	56	64	71	999	146	1	Single-player,Multi-player	
1164461354	Fae Tactics	0	57	63	71	1999	1663	6857	Single-player	
2098644729	Vampyr	0	60	97	86	3999	10297	8074	Single-player	
1217831807	Flynn: Son of Crimson	0	60	69	80	1999	12917	6857	Single-player	
1207664503	Tesla Effect: A Tex Murphy Adventure	0	87	88	94	1999	2103	6841	Single-player	
1512372112	Cold Waters	0	61	81	181	3999	9428	5843	Single-player	
1207659236	Magrunner: Dark Pulse	0	87	104	80	1999	132	72	Single-player	
1459790972	Hard Reset Redux	0	60	65	72	1999	1233	2673	Single-player	
1257382466	Nemezis: Mysterious Journey III	0	87	88	96	1999	12575	7601	Single-player	
1785384169	CARRION	0	60	69	86	1999	11168	74	Single-player	
1721001406	Dorfromantik	0	56	63	96	1399	12107	7436	Single-player	
1638914929	The Mortuary Assistant	0	61	69	86	9999	14608	8320	Single-player	
1461239283	Cathedral	0	60	69	71	1499	10309	6313	Single-player	
1225157693	Oriental Empires	0	56	68	74	2999	9431	1113	Single-player,Multi-player	
1386697093	Death Track: Resurrection	0	59	64	0	299	15619	6170	Single-player	
1436466756	Warp Frontier	0	87	88	72	1499	12974	7775	Single-player	
1756411154	Ash of Gods: Redemption	0	87	81	71	2499	11243	6917	Single-player	
1955376433	TWINKLE STAR SPRITES	0	60	67	71	599	8523	5343	Single-player,Multi-player,Co-op	
1207659241	Jack Keane 2: The Fire Within	503	87	88	73	999	10267	4123	Single-player	
1853912428	Kamikaze Kommittee Ouka 2	0	87	97	191	1499	13655	7844	Single-player	
1940803771	Defend the Rook Demo	0	57	63	103	0	13091	8051	Single-player	
1207658785	Heroes of Might and Magic® 2: Gold	42	56	63	71	999	86	21	Single-player,Multi-player,Co-op	
1660523159	Lilycle Rainbow Stage!!!	0	87	211	191	2499	10195	5947	Single-player	
1955095293	Xeno Crisis	0	58	64	72	1999	8223	6193	Single-player,Co-op	
2125927245	Fechtbuch: The Real Swordfighting behind Kingdom Come	3098	0	0	0	0	9472	5872		
1207659603	Wing Commander™: Armada	593	58	64	72	599	173	4	Single-player,Multi-player	Control the stars, rule the universe!
1427985242	Titan Souls	0	60	70	71	1499	4273	74	Single-player	
1429864849	Kerbal Space Program	0	61	89	72	3999	4433	5831	Single-player	
1731798766	Apostle: Rebellion	0	57	63	72	1999	14272	7844	Single-player	
1958481686	No Son of Mine	0	60	163	86	1499	15043	5153	Single-player	
1396087560	Alwa's Awakening	0	87	202	71	999	11219	6890	Single-player	
1222133130	Inside Jennifer	0	61	211	191	1199	15037	8542	Single-player	
1465732730	Wetlands	0	60	62	153	699	86	6832	Single-player	
1136126792	Absolute Drift	0	59	68	123	1199	11228	6899	Single-player	
1966608148	Oaken DEMO	0	87	63	103	0	13697	8051	Single-player	
1101011608	garage:VAMP	0	87	211	201	499	16250	8773	Single-player	
1207667163	The Way	0	87	104	80	1499	6563	2483	Single-player	
2113415415	Bomb Rush Cyberfunk	0	60	69	80	3999	16082	9041	Single-player	
1947080977	Svoboda 1945: Liberation	0	87	211	74	1599	14848	8398	Single-player	
1548073282	Lust Academy - Season 1	0	87	97	191	1499	15013	8530	Single-player	
1342466874	GRIP	0	59	64	72	2499	12548	6488	Single-player	
1216455810	Demons Roots	0	57	69	191	1999	14938	7844	Single-player	
1143343740	TasteMaker: Restaurant Simulator	0	61	81	95	1199	13661	8042	Single-player	
1570962649	Serin Fate	0	57	69	123	1999	12866	7481	Single-player	
1321012195	Perfect Tides	0	87	88	143	1499	16808	9416	Single-player	
2048907635	Cloudpunk	0	87	97	72	1999	8053	4953	Single-player	
1999648426	Ascension to the Throne	0	57	81	71	299	14369	6170	Single-player	
1207666683	Icewind Dale: Enhanced Edition	25	57	62	71	1999	3313	2243	Single-player,Multi-player,Co-op	
1104699058	Highrise City Demo	0	56	89	95	0	12397	4923	Single-player	
1817878585	Life of Delta	0	87	88	96	1999	14288	105	Single-player	
1883703475	Shivers II: Harvest of Souls	3323	87	88	201	599	119	68	Single-player	
1108393852	Return of the Obra Dinn	0	87	65	201	1999	1193	843	Single-player	
1207666743	Lovely Planet	0	58	65	80	599	3493	2363	Single-player	
2125479846	The Immortal	0	87	64	71	599	11401	5453	Single-player	
1202885143	Tomb Raider: Anniversary	0	60	69	80	899	211	8594	Single-player	
1859396546	Leisure Suit Larry - Wet Dreams Don't Dry	0	87	88	73	2999	9808	4763	Single-player	
1207659104	Worms 2	192	56	63	100	599	190	3753	Single-player	
1928042073	Hedon Demo	0	60	65	71	0	12893	7760	Single-player	
1338968778	Overboard!	0	87	211	94	1499	10384	6361	Single-player	
1657623040	Rosewater	0	87	88	96	9999	3283	5941	Single-player	
1722125943	Rise of the Triad: Ludicrous Edition	0	58	64	72	1999	14437	483	Single-player,Multi-player	
1965302672	Epic Pinball: The Complete Collection	0	60	67	91	599	32	35	Single-player,Co-op	
1207659058	S2: Silent Storm Gold Edition	0	56	63	74	999	208	121	Single-player	
5	Freespace 2	38	61	70	72	999	5	2	Single-player,Multi-player	
1622206415	Ys VIII: Lacrimosa of DANA	2673	57	64	71	3999	2653	5643	Single-player	
1086074447	Yakuza 6: The Song of Life	3592	60	69	191	1999	15832	6652	Single-player	
1207660064	Outlast	2103	60	69	86	1999	1614	1174	Single-player	Hell is an experiment you can't survive.
1853330157	Wildermyth	0	57	81	71	2499	14123	8183	Single-player,Multi-player,Co-op	
1505509034	Thrillville®: Off the Rails™	0	61	69	113	999	12755	7	Single-player,Co-op	
1844570543	Redout: Solar Challenge Edition	0	59	62	72	2999	9943	6091	Single-player,Co-op	
1460710709	Kathy Rain	0	87	88	73	999	6333	3343	Single-player	
1439548178	STASIS	2213	87	88	86	799	5053	3183	Single-player	
1814107933	Starshifter	0	87	64	80	1499	15980	8648	Single-player	
1487652667	The Walking Dead: The Telltale Definitive Series	0	87	163	86	4999	11864	6643	Single-player	
1207665513	Q.U.B.E.: Director's Cut	2899	87	65	72	999	2753	1963	Single-player	
1835348437	Dungeon Rats	2023	57	63	71	799	11261	6935	Single-player	
1602894919	Streets of Rogue	0	58	64	103	1999	10571	2363	Single-player,Multi-player,Co-op	
1468864162	Terror at Oakheart	0	60	69	96	9999	15233	4763	Single-player	
1418256609	Faraday Protocol Demo	0	87	104	72	0	12439	4923	Single-player	
1755618887	InfraSpace	0	61	89	72	2499	13046	7793	Single-player	
1159645322	JARS	0	56	104	80	1199	12848	105	Single-player	
1497784911	Kathy Rain demo	1693	87	88	73	0	6333	3343	Single-player	
1747488431	Nitro Racers	0	59	67	77	699	14500	6832	Single-player	
1791830361	Good Night, Knight	0	60	70	71	1499	10487	6328	Single-player,Co-op	
1763953268	Dreadful River	0	57	70	143	1499	15007	8524	Single-player	
1748426963	Sea Salt	3200	87	81	71	1499	5763	3553	Single-player	
1516178466	Moonstone Island	0	87	97	113	1999	16790	3343	Single-player	
1331379816	Mable & The Wood	0	60	69	133	1499	11255	6929	Single-player	
1207665163	Gone Home	0	87	65	94	1499	2633	1863	Single-player	The house on Arbor Hill is waiting for you...
1753721056	Voltaire: The Vegan Vampire	0	60	0	103	1499	15197	8351	Single-player,Co-op	
1315510047	Witchaven	0	58	64	223	799	12197	7219	Single-player	
1391134754	Darksiders Genesis	1233	87	97	71	2999	7503	87	Single-player,Multi-player,Co-op	
1919622235	Void Scrappers	0	60	67	103	399	11317	7003	Single-player	
1660643617	ECHELON	0	61	70	72	599	102	6841	Single-player	
1207659043	Resonance	292	87	88	94	999	215	113	Single-player	
1447412730	Iratus: Lord of the Dead	0	57	63	71	2999	10703	105	Single-player	
1207658775	Evil Genius	0	56	62	95	999	100	50	Single-player	
1999786718	Think of The Children	0	61	64	73	999	9243	5986	Single-player,Co-op	
1207659523	Tales From Space: Mutant Blobs Attack	0	60	69	80	999	1243	893	Single-player	Consume Everything, Regret Nothing!
1432285342	Rebuild 3: Gangs of Deadsville	0	56	89	102	1499	512	312	Single-player	
1300178735	The Falconers: Moonlight	0	87	211	191	999	10027	5950	Single-player	
1207659843	Giana Sisters: Rise of the Owlverlord	603	60	67	80	499	492	6019	Single-player	Get ready for more blistering hardcore platformer action!
1580342863	Revival: Recolonization	0	56	63	72	2999	13241	4693	Single-player	
1207658987	Time Commando	0	60	69	96	599	13439	7961	Single-player	
1785804341	Close To The Sun	0	87	65	72	1999	10736	6488	Single-player	
1846446491	The Legacy: Realm of Terror	0	57	65	86	699	10780	6832	Single-player	
1947156754	Robo Rumble	0	56	62	72	599	72	23	Single-player	
2054943829	ATONE: Heart of the Elder Tree	0	87	97	143	1499	14644	7964	Single-player	
1431426311	Dishonored 2	0	60	65	90	2999	37	3163	Single-player	
2047978668	Re;Lord 2 ~The witch of Cologne and black cat~	0	87	211	71	1999	13451	5950	Single-player	
1207658671	Stonekeep	0	57	65	71	999	25	2	Single-player	
2111088471	Warhammer 40,000: Mechanicus	0	56	63	72	2999	10414	4433	Single-player	
1459856152	Rage of Mages II: Necromancer	1683	57	81	71	599	208	121	Single-player,Multi-player	
1990754810	Sunrider 4: The Captain's Return	0	57	211	75	2999	9634	5950	Single-player	
1472772811	Siluman Fantasy	0	87	97	220	1199	15989	8648	Single-player	
2103848294	Strategic Command Classic: WWII	3097	56	63	74	1499	10087	5825	Single-player,Multi-player	
1994956094	Armored Brigade	3248	56	62	74	3999	10754	5825	Single-player	
1784550497	Pushover	0	87	81	96	499	11407	5453	Single-player	
1207658740	Earth 2160	33	56	62	72	499	83	23	Single-player,Multi-player	
1769957642	Metal Fatigue	0	56	62	72	599	9668	483	Single-player,Multi-player,Co-op	
1486529526	Flashback™	0	87	64	72	999	9931	47	Single-player	
1619589792	Spirit of Adventure	0	56	69	143	899	16085	9044	Single-player	
1207660233	Deponia 3: Goodbye Deponia	222	87	88	73	1999	207	105	Single-player	More chaos, more destruction, more Rufus!
1972250716	I Was a Teenage Exocolonist	0	57	68	0	2499	512	3103	Single-player	
2079112523	England in London	0	87	88	143	9999	16865	9458	Single-player	
1482578564	Ancestors: The Humankind Odyssey	0	60	163	123	3999	11867	5831	Single-player	
1809914413	Bloodwych	0	87	97	71	699	11701	3493	Single-player,Co-op	
1237186093	Kurokami-sama's Feast Demo	0	87	211	201	0	13424	7919	Single-player	
1196739945	Combat Mission: Afrika Korps	0	56	63	74	599	117	6280	Single-player	
1425308948	Afterlife	0	61	89	95	599	3423	2313	Single-player	
1989561048	In Sound Mind	0	87	163	86	3499	12406	9487	Single-player	
2044656083	The Whispering Valley	0	87	88	86	1199	15457	8719	Single-player	
1712729523	Cook, Serve, Delicious!	2852	61	64	95	999	9446	5855	Single-player,Co-op	
1311823581	Airborne Ranger	0	58	67	0	999	10996	27	Single-player	
1452182173	Caladrius Blaze	0	58	62	71	1999	3213	3473	Single-player,Co-op	
1887426289	Doomed Lands	0	87	97	102	1199	15529	8351	Single-player	
1207660683	Eschalon: Book III	443	57	63	71	999	973	673	Single-player	The time has come to return to Eschalon and finish what you have started.
1093622919	Chronomaster	0	87	88	72	799	114	3493	Single-player	
1083780425	Demon Turf	0	87	64	80	2499	10129	7781	Single-player	
1362483431	Konung 3: Ties of the Dynasty	0	87	97	71	299	14366	6170	Single-player	
1863909997	King of Retail	0	61	93	113	2499	14434	1113	Single-player	
1824600116	A Whisper in the Twilight: Chapter One	0	60	69	72	1499	16538	9254	Single-player	
1866481165	TKO	0	76	68	100	699	1833	6832	Single-player	
1526953585	Funtasia	0	59	67	71	1499	15301	8351	Single-player,Multi-player,Co-op	
1207660263	The Shivah	0	87	88	73	499	219	113	Single-player	A rabbinical adventure of mourning and mystery.
1914500649	Desperados III	84	56	62	75	3999	11065	87	Single-player	
1665068568	SeaOrama: World of Shipping	0	61	81	95	1999	16750	7958	Single-player	
1285829896	Founders' Fortune	0	61	81	95	2199	13046	7793	Single-player	
1308320804	Hollow Knight	0	87	64	133	1499	8063	4973	Single-player	
1780442795	Liberated	0	87	64	72	1999	11347	6364	Single-player	
1844659490	A.I.D. - Artificial Intelligence Defence Demo	0	56	62	75	0	14224	7412	Single-player	
1565201708	The Chronicles Of Myrtana: Archolos	0	57	69	71	0	12424	7564	Single-player	
1238653230	Factorio	0	56	89	95	3500	6773	4193	Single-player,Multi-player,Co-op	
1641677213	Dark Nights with Poe and Munro	3455	61	69	201	1299	11129	6860	Single-player	
1782995089	Daggerfall Unity - GOG Cut	0	57	69	123	0	14063	5879	Single-player	
2143183887	Illuminaria Demo	0	56	68	71	0	14890	8461	Single-player	
2034253881	Bad North: Jotunn Edition - Demo	0	60	62	75	0	9937	3343	Single-player	
1404767555	Reverie Knights Tactics: Prologue	0	57	63	71	0	13028	6170	Single-player	
1519221611	Kingdom Rush Origins	1793	56	64	71	1499	2693	1903	Single-player	
1516047678	UNDETECTED	0	60	0	90	1499	14294	1243	Single-player	
1441968425	The Bluecoats: North & South	0	56	62	74	1499	12581	47	Single-player,Multi-player,Co-op	
1232677182	Hegemony III: Clash of the Ancients	2957	56	62	74	2999	9640	5953	Single-player	
1448010592	Zid Journey DEMO	0	87	88	143	0	13514	7982	Single-player	
1260066469	Batman: Arkham City - Game of the Year Edition	3394	60	69	90	1999	11779	2653	Single-player	
1452776767	Moon Hunters	0	60	69	71	1499	6033	3693	Single-player,Multi-player,Co-op	
1542088686	Not For Broadcast	0	61	69	171	2499	10888	2363	Single-player	
1942942943	Bridge Constructor Portal	3352	61	89	95	999	11422	1013	Single-player	
1207658949	Normality	0	87	65	72	299	104	7640	Single-player	
1453298883	Project Zomboid	0	60	68	123	1999	5843	3593	Single-player,Multi-player,Co-op	
1207658954	Battle Isle: The Andosia War	69	56	63	72	599	150	21	Single-player	
1887281589	Tainted Grail: The Fall of Avalon	3427	57	69	71	2999	15131	8597	Single-player	
1734967471	World Championship Boxing Manager™ 2	0	76	68	95	1299	11458	6832	Single-player	
1528332522	Conarium	0	87	104	86	1999	9685	1113	Single-player	
2067138532	Slipways	0	56	63	96	1699	12322	7537	Single-player	
1236689966	Party Hard	3016	60	81	90	1289	8183	2363	Single-player,Co-op	
1207659883	PixelJunk Monsters HD	644	56	62	71	799	1493	1053	Single-player,Co-op	The critically acclaimed Tower Defense classic!
1407750955	Tomb Raider I-III Remastered	0	60	69	143	2999	16805	3643	Single-player	
1420648481	Avernum 2: Crystal Souls	1003	57	63	71	1999	242	142	Single-player	
2129314649	Toy Shire Demo	0	60	81	75	0	16439	9197	Single-player	
2046360890	METAL SLUG X	2493	60	67	100	799	8523	5343	Single-player,Multi-player,Co-op	
1443870075	VED	0	57	63	103	9999	14254	6170	Single-player	
1193470625	Field of Glory: Empires	0	56	63	74	3999	10342	5825	Single-player,Multi-player	
2028570892	Contra Anniversary Collection	0	60	0	0	1999	14266	7090	Single-player,Co-op	
1304628649	Togainu no Chi ~Lost Blood~	0	87	211	191	1999	13400	7919	Single-player	
1140103455	Mira and the Legend of the Djinns	0	60	202	80	9999	14330	4763	Single-player	
1394574696	Warriors of the Nile 2	0	56	63	75	1499	13865	8126	Single-player	
1207658720	The Guild Gold Edition	773	61	81	74	999	62	87	Single-player,Multi-player	
1744338691	Looking for Aliens Demo	0	87	104	217	0	13235	9431	Single-player	
1655444396	TRON 2.0	0	60	65	72	999	23	2313	Single-player	
1578859173	NeuroVoider	0	60	62	72	1399	9694	6259	Single-player,Co-op	
1875222919	Saint Kotar: The Yellow Mask	0	87	88	86	99	11464	7063	Single-player	
1430740172	Metro: Last Light Redux	1313	58	65	102	1999	4493	1593	Single-player	
1096258712	ULTRAKILL DEMO	0	58	64	72	0	11602	6214	Single-player	
1588078253	UFO ROBOT GRENDIZER – The Feast of the Wolves	0	60	69	143	3999	15161	47	Single-player	
1896503203	Asterix & Obelix XXXL: The Ram From Hibernia	0	60	69	80	2999	9889	47	Single-player,Co-op	
1582325353	Star Trek™: Armada	0	56	62	72	999	123	68	Single-player,Multi-player	
1207667273	The Frame	0	0	0	0	799	3683	2513		
1207659193	Syndicate Wars™	393	60	81	72	599	174	4	Single-player,Multi-player	
1960273452	Weedcraft Inc	0	61	81	73	1999	7853	74	Single-player	
1207664583	Always Sometimes Monsters	0	87	66	73	999	2303	6887	Single-player	
1802014992	Mortal Glory	0	56	63	103	799	14884	8455	Single-player	
1341288701	Eternam	0	87	104	72	699	2793	6832	Single-player	
2024596162	Democracy 4	0	61	81	95	2699	1543	1103	Single-player	
1448633816	Pieces of my Heart	0	87	211	96	999	15541	8758	Single-player	
1924930564	AngerForce: Reloaded	0	60	67	153	999	10547	6965	Single-player,Co-op	
2037689757	Saints Row IV: Re-Elected	1243	60	66	123	1999	8363	1593	Single-player,Multi-player,Co-op	
1207658734	Combat Chess	0	56	63	85	599	74	18	Single-player,Multi-player	
1934784150	Night Loops	0	87	211	71	999	16190	8351	Single-player	
1207658768	Tex Murphy: The Pandora Directive	57	87	65	94	999	102	52	Single-player	
2129967154	Beat Hazard Ultra	3197	60	67	153	799	10613	6509	Single-player,Co-op	
1564851593	Flowers - Le Volume Sur Hiver	3569	87	211	191	1999	14291	7919	Single-player	
1666053779	Tails Noir	0	57	69	94	2499	11998	3343	Single-player	
1559572798	Fury Unleashed	0	60	70	103	1999	11395	7042	Single-player,Co-op	
1346447388	Ozymandias: Bronze Age Empire Sim - Deluxe Edition	0	61	63	74	2248	6293	8051	Single-player,Multi-player	
1674992368	The Alchemist of Ars Magna	0	57	211	191	3999	15436	8648	Single-player	
1207658957	Roller Coaster Tycoon® 2: Triple Thrill Pack	75	61	89	95	999	178	27	Single-player	
1637713817	Shining Song Starnova	3332	61	211	95	2999	9634	5950	Single-player	
1482232434	Skeletal Avenger	0	60	97	103	1699	10054	6148	Single-player,Co-op	
2117086633	Helldorado	84	56	62	75	999	169	87	Single-player	
1207658711	Alien Shooter 2: Reloaded	683	60	97	72	599	152	78	Single-player	
1411619402	Candle	0	87	62	96	999	7223	105	Single-player	
1929512011	The Dagger of Amon Ra	2233	87	88	94	599	119	68	Single-player	
2032950534	Layers of Fear 2	3215	87	65	86	1999	5923	6298	Single-player	
1516699230	Fabled Lands Demo	0	57	69	123	0	14735	8366	Single-player	
1958228073	Torchlight II	1733	57	64	71	1999	252	152	Single-player,Multi-player	
1207660413	Shadowrun Returns	893	57	63	72	1499	1783	2373	Single-player	Man meets magic & machine.
1207660533	Deadlock: Planetary Conquest	703	56	63	72	599	1833	27	Single-player	
1119285387	Retro Classix: Wizard Fire	0	60	97	71	699	12062	6832	Single-player,Co-op	
1255400015	Scrapnaut: Prologue	0	87	89	143	0	11899	7303	Single-player	
1604559678	Against the Storm Demo	0	56	89	71	0	11545	7790	Single-player	
1875180273	Celestian Tales: Realms Beyond	3308	57	63	71	1499	4983	3153	Single-player	
1885888793	ELEX	0	57	64	123	2999	36	87	Single-player	
1202837383	Mystic Land: The Search for Maphaldo	0	57	63	71	9999	16619	9350	Single-player	
1379525161	SCARF	0	60	69	80	1499	13151	6016	Single-player	
1965502180	Regalia - Royal Edition	0	57	63	71	2499	8243	7186	Single-player	
1622602219	ABZÛ	0	61	64	99	1999	9533	4573	Single-player	
1432565635	Subject 13	0	87	104	72	999	4603	47	Single-player	
1452863689	Hyper Light Drifter	0	60	97	71	1999	5973	3663	Single-player,Co-op	
1302151555	Raji: An Ancient Epic	3440	60	69	71	2499	12149	9116	Single-player	
1886141726	ANSTOSS 3: Der Fußballmanager	0	76	68	95	599	12638	53	Single-player,Multi-player	
1161629383	Deliverance: The Making of Kingdom Come	3098	0	0	0	199	9472	5872		
1698452155	Panzer Corps 2	0	56	63	74	3999	10852	5825	Single-player,Multi-player	
1084437038	Agony: Lords of Hell	0	56	89	86	9999	12626	7646	Single-player,Multi-player	
1918442274	A Space for the Unbound	0	87	0	143	1999	11948	6322	Single-player	
1437080923	beat refle	0	57	211	0	2799	14768	8606	Single-player	
1660194629	Project Hospital	0	61	81	95	2499	9898	6070	Single-player	
1082621048	M.U.D.S.: Mean Ugly Dirty Sport	0	76	64	95	699	15091	6832	Single-player	
1207658914	Shadowgrounds	583	58	64	72	599	163	106	Single-player,Co-op	
1431943502	The Masterplan	0	60	81	75	1999	4633	2953	Single-player	
2033991040	198X	0	87	67	191	999	10315	6316	Single-player	
1658292736	Retro Classix: Gate of Doom	0	57	64	71	699	12062	6832	Single-player,Co-op	
1306536711	Regalia: Of Men and Monarchs	0	57	81	71	1999	8243	7186	Single-player	
1207666003	Meridian: New World	1863	56	62	72	699	3193	1013	Single-player	
1816638122	Next Space Rebels	0	61	69	96	1999	13208	6857	Single-player	
1207658837	Gabriel Knight 2: The Beast Within	10	87	66	94	599	119	68	Single-player	
1455223208	Seed of the Dead: Sweet Home	0	60	70	0	2999	13658	8039	Single-player	
1852249874	WORLD END ECONOMiCA episode.02	3043	87	211	191	1299	9922	5950	Single-player	
1840846196	Retreat to Enen	0	61	89	113	2499	15221	8351	Single-player	
1467789790	Mainlining	2193	61	88	96	999	8043	86	Single-player	
1997506605	Demon Queen Melissa	0	57	211	191	1999	13184	7844	Single-player	
1202893617	Sleepytime Village	0	87	88	94	9999	16487	9242	Single-player	
2020648154	Legend of Keepers: Prologue	0	56	97	71	0	10102	8051	Single-player	
2000734359	Lichtspeer: Double Speer Edition	0	60	69	72	999	11905	1813	Single-player,Co-op	
1484808928	Liberated Free Trial	0	60	69	72	0	11347	6364	Single-player	
1617276554	Urban Trial Playground	0	59	64	0	699	12530	6085	Single-player	
1207660913	Shadowrun: Dragonfall - Director's Cut	893	57	63	72	1499	1783	2373	Single-player	
1954693152	Happy Game	0	87	88	86	1313	205	103	Single-player	
1890740105	Inua - A Story in Ice and Time	0	87	104	72	1499	13160	7829	Single-player	
2142385424	Castaway of the Ardusta Sea	0	57	69	191	1499	14156	7844	Single-player	
1998534507	Electrician Simulator	0	61	98	96	1799	15916	8923	Single-player	
1546526788	Cyclemania	0	59	66	0	499	11806	6832	Single-player	
1942260021	Afterparty	0	87	104	191	1999	6153	3803	Single-player	
1935194845	Shotgun King: The Final Checkmate	0	60	81	103	999	14690	8348	Single-player	
8	Lionheart: Legacy of the Crusader	0	57	69	71	999	2	2	Single-player	
1486389942	Turok 3: Shadow of Oblivion Remastered	0	58	64	72	2999	16420	5063	Single-player	
2056114425	7 Billion Humans	0	61	104	205	1499	5353	3293	Single-player	
1207664703	Desktop Dungeons Enhanced Edition	0	56	63	103	1499	2383	1753	Single-player	The award-winning puzzle roguelike: Play for 10 minutes for the rest of your life.
1959845271	Biing!: Sex, Intrigue and Scalpels	0	61	81	171	599	10891	6706	Single-player	
1267603268	Chapel 3-D: The Ascent	0	58	65	0	9999	15049	5153	Single-player	
2060696100	Sinsations	0	87	97	191	2499	16340	8648	Single-player	
1245136314	Ring of Pain Demo	0	56	221	103	0	11614	6857	Single-player	
2053196692	Elements	0	60	69	143	9999	12941	7180	Single-player	
1558393671	Hollow Knight: Silksong	0	87	64	133	9999	8063	4973	Single-player	
1584302429	Freight Tycoon Inc.	0	56	93	95	499	6823	6170	Single-player	
1881901933	Pepper Grinder	0	60	69	80	9999	14647	74	Single-player	
